,LogReturns
0,-0.0021916482655524256
1,0.009341893841428715
2,0.012838378988110357
3,0.003451357189765533
4,0.004386231915159229
5,0.002244935071728937
6,0.005414325844376421
7,0.002227825275066784
8,-0.00599120734823044
9,-0.010541998725538257
10,-0.008970815498043459
11,-0.013182751229591259
12,0.0013382811170688158
13,0.004609421067611712
14,0.010593574452045172
15,-0.016663027413037226
16,0.00022644458961169068
17,0.020261136308053557
18,0.007368704604043213
19,0.0
20,-0.0013033949353952596
21,0.009910416176653693
22,0.005969468185959877
23,0.0045409637324468665
24,0.0035948319573184746
25,-0.011760047040976879
26,-0.012730016322006172
27,-0.01301433209547133
28,-0.004577218302165769
29,0.005298025637555194
30,0.011581527577992143
31,0.015197323766970347
32,-0.018645808069140516
33,0.008776147409957797
34,-0.014031145768369566
35,-0.01471679154751651
36,-0.003164559602963137
37,0.01524345993259062
38,0.0021587919153960226
39,-0.007346917835575522
40,-0.018133713318503792
41,-0.004804444104550895
42,0.012517036660238012
43,0.013084751743658455
44,0.006837428424921473
45,0.0
46,0.014125702263648614
47,-0.03270731797578433
48,-0.00036543029823797027
49,-0.014727806710243511
50,-0.016580819928420025
51,0.002385587169412976
52,-0.011224028544161591
53,0.005312433440017071
54,-0.016150920159472695
55,-0.0028244979619904543
56,0.021243564255123693
57,-0.01803452485405511
58,0.002304148484850074
59,0.00025568908346932
60,0.009161535004661756
61,0.021428048743570988
62,-0.007716279729689258
63,0.0038655824679888354
64,-0.005115738900344115
65,0.0077258951271294415
66,0.01539723711530006
67,0.004755816536527429
68,0.007272759329079657
69,0.015459592453592597
70,0.0
71,-0.0005947778680068677
72,0.004037530719392776
73,0.014938818073936379
74,-0.006089724874163385
75,-0.02149088350319441
76,-0.005656872520199299
77,0.008892151838492963
78,-0.016038932908786687
79,0.0066638642433307135
80,-0.016191235687003647
81,0.022331025034166098
82,-0.0016816820780055038
83,0.009095323590679103
84,0.0013096019491798852
85,-0.011848621652017041
86,-0.0076137898774712755
87,-0.030297883981337655
88,-0.0016269323405899087
89,-0.001253290049999699
90,-0.006542549759438315
91,-0.03167540572646407
92,0.006622970770828812
93,-0.06221143540738495
94,-0.01764792554080357
95,-0.09108527459566178
96,0.06451932562164303
97,-0.05018762735328421
98,0.048746912509642776
99,0.006180400556773886
100,0.027836484721480485
101,-0.018565934122535387
102,0.00028388928508602077
103,-0.05859538775383707
104,-0.017764074503402748
105,-0.0035295056973373034
106,0.04714172157404716
107,0.014702936091062373
108,-0.0248732647451398
109,0.023571840224818764
110,0.04623058003229338
111,0.0057859370670439265
112,-0.0020625651863482564
113,-0.021706710074900156
114,-0.037697046839352585
115,0.0
116,-0.002779201671850341
117,0.037094534706500475
118,-0.018519047767237527
119,-0.029918320490967702
120,0.008555886386634449
121,0.01602831924390408
122,0.017765510217883713
123,0.01396060183411208
124,0.0015392153042400674
125,-0.018059181538397532
126,-0.015639891216093896
127,-0.03772364198823621
128,-0.028329643565112115
129,0.0063140272906685715
130,0.018706347309746234
131,0.0213170477885162
132,-0.039102726013742484
133,0.017182814604857197
134,-0.031082652293890886
135,-0.05284971493520867
136,0.06044135415350093
137,0.013643194682306818
138,0.021985526407715974
139,-0.024729848910682584
140,0.042883989284496334
141,0.006850839417636005
142,0.014135530333551105
143,-0.0008597220761656138
144,0.019588986919584855
145,-0.030833159011614198
146,0.026183626154987722
147,-0.019681182898500543
148,0.002732831618110881
149,0.021457306362130855
150,0.03168718932326442
151,-0.02845888979693432
152,0.01708968302499537
153,0.05141727072200467
154,-0.005116442778408642
155,-0.026927780030970204
156,-0.03604241569500593
157,0.02435432395176428
158,0.024575906048837387
159,-0.0049475263052555524
160,-0.00201274807969701
161,0.014534558154292762
162,-0.048829879016833035
163,0.007340244853712171
164,0.02601440537573381
165,-0.014490063261428638
166,0.01260606324244982
167,-0.01632323482243087
168,-0.01431373463945897
169,-0.0002778163651706027
170,-0.024185655813203605
171,-0.008432837795653493
172,-0.031938551364259965
173,0.0
174,-0.012826424912233911
175,0.04648590026352663
176,-0.0018644680912052853
177,0.05678350706370423
178,-0.007214351034293313
179,0.004089985251525066
180,0.016997576368571077
181,0.0009358915049050237
182,-0.002006555418745138
183,-0.03155865814642763
184,0.029682233524018106
185,-0.014458734418926417
186,-0.021044721364708252
187,-0.012589339583563095
188,0.00924764892166008
189,0.0077799781139194675
190,-0.017450013525491928
191,0.039350697230414705
192,0.004066996100414117
193,0.0014686961563738523
194,0.0037629395295422892
195,0.0
196,0.0029466938010767993
197,-0.01835656888913421
198,0.010029902461251218
199,-0.005409073364011971
200,0.0
201,0.01647372941514343
202,-0.005550554257736932
203,0.005617240930430349
204,-0.0024703734813417044
205,0.00500117736295323
206,0.014527460986769627
207,0.00392567894888473
208,0.0029992850285945477
209,-0.005352842600358069
210,0.0
211,-0.00039279869572150046
212,0.017653625651692453
213,0.006157023042026183
214,0.0006391818689970737
215,-0.001278772552776865
216,0.005741642567675183
217,0.008488047413903722
218,-0.0011360051710797992
219,0.006796753666609325
220,-0.007807620570985866
221,-0.0010118897903634442
222,0.021285391062108833
223,0.005682535365398192
224,0.021569105225701758
225,-0.0032602818228859706
226,-0.0006049241004746361
227,0.002176016332515847
228,-0.004963390130182663
229,-0.013808492150312704
230,0.012837146760680682
231,-0.004504786335955404
232,-0.00833236042472533
233,0.018651116626100514
234,-0.00012078024049935056
235,0.0
236,-0.006787082167910436
237,-0.007936065093391806
238,0.01484392750180152
239,-0.0019342365798308656
240,-0.0016955314707478369
241,-0.0026702285558789208
242,-0.015061816603071309
243,0.00516860614086535
244,-0.015088092312425118
245,0.0011208669210109072
246,-0.020116343415544795
247,0.009354132168024679
248,0.012877224709230736
249,0.013446619577214386
250,-0.001962709167848706
251,0.019696685400394928
252,-0.008220549194672836
253,0.00834093684304541
254,-0.0008430180543821925
255,0.008398369698831641
256,-0.008988905476549028
257,-0.0002531935557681559
258,-0.009693520711011575
259,0.006674377061466721
260,0.020589666788343796
261,-0.00701506949109667
262,-0.005863715718043638
263,-0.0028846173848596107
264,-0.0032551719623028427
265,0.01224211160415722
266,-0.0067025984020380736
267,-0.01610106812900296
268,-0.004403138229312607
269,0.0
270,-0.01656199023573239
271,-0.02383617485165022
272,0.014067781584423152
273,0.014244899126129815
274,-0.013213465467814893
275,0.0016079193475071138
276,0.014331356258052807
277,-0.007576264271494437
278,-0.005751453713879106
279,0.005751453713879145
280,-0.013935320605224961
281,0.00755671102256124
282,0.015438553651550129
283,0.009835338688411691
284,0.007799210871803448
285,-0.011107834685384245
286,0.000981474744472551
287,0.0026940991068630194
288,-0.014163670484866058
289,-0.01916031315769385
290,0.0026516841094764597
291,-0.0006307158834123232
292,-0.005694415893556585
293,0.003799877909774621
294,-0.002531646921779508
295,-0.013397329571821394
296,-0.0017999490588565224
297,-0.00716756369798265
298,-0.0230091105092576
299,-0.009415540192186274
300,0.023245197553347207
301,-0.0060351796933779
302,0.006427516061452437
303,0.0020898649194592365
304,-0.000652613741102894
305,0.0
306,0.01438873745209967
307,-0.019362569695575843
308,-0.0013130253987257746
309,-0.030549964677447746
310,-0.0023055546932131098
311,0.01281636430107569
312,0.024365612162357223
313,-0.006562564568416047
314,0.013472180742569817
315,-0.02233408649978543
316,0.012542246399273585
317,-0.011612693181819038
318,0.011350260428705582
319,0.013297028143489726
320,0.0011648224962931065
321,0.017184316171903524
322,-0.0015269121175036395
323,-0.02462257811428034
324,0.011290756503355854
325,-0.01573811504364038
326,-0.0010493180396177464
327,0.016141980275720974
328,-0.0016801296359381676
329,0.028688140653388157
330,0.011497252365657585
331,0.01296234432339021
332,0.0
333,-0.0011044978726068653
334,-0.01123676699475907
335,-0.0038569254655467715
336,-0.011156493027995219
337,-0.003409309445372115
338,-0.003420972610942703
339,0.012373944627984025
340,-0.004032136902855854
341,0.0035305757833898627
342,0.006114391575791937
343,-0.003371421061943525
344,-0.012840055559652142
345,-0.01609230128875513
346,-0.013219477113732756
347,0.0022154175999355295
348,0.008554815621036575
349,0.0234704651127999
350,-0.003409739996114126
351,-0.00889459485345124
352,-0.01660162960401816
353,-0.0036401496253598564
354,0.023554728233013453
355,0.007729874388105466
356,0.009047561089406865
357,-0.0015022536625896778
358,0.0047494152518810845
359,-0.0034973805321706925
360,-0.001627951020108479
361,-0.0023840904698523785
362,0.008755528102378724
363,0.010406436825585183
364,0.00700033561831492
365,-0.0022053427217965473
366,-0.0006134593162143003
367,-0.004797942402139124
368,-0.007054048184875239
369,0.002728514653203914
370,0.0029680951792204107
371,0.004558623061031632
372,0.003068428305014503
373,-0.009976066478443945
374,0.0040763443512558725
375,0.0
376,0.012130271877824223
377,0.00024354603140358582
378,0.01819460451860948
379,0.007409294280160156
380,-0.004520050517151441
381,0.0021436235432515907
382,0.005102354587782718
383,0.013052098982943032
384,0.00930239266231363
385,-0.004640379556502225
386,-0.003261125648131488
387,-0.0017514161754129283
388,-0.004450698375214293
389,0.003632319887965411
390,-0.007160075192838044
391,-0.014475810442369164
392,-0.006354556483015937
393,0.01076694215230829
394,-0.0071650652842827145
395,0.003350086885282027
396,0.0019093084559201516
397,-0.002865331473286282
398,0.006791804481468007
399,-0.0011882130675548023
400,-0.006321208954576568
401,-0.011794576492837041
402,-0.0015750896816683281
403,0.0036310860520403485
404,-0.00812766043892188
405,0.0065558083530006875
406,0.007354304049170092
407,0.008968669982760316
408,-0.005491239774284274
409,-0.020437255251885462
410,-0.0002443792778535412
411,-0.0050192968728669145
412,-0.002709380498791068
413,0.004055803507187071
414,-0.00479499289651828
415,0.0
416,0.0
417,0.006020783684963467
418,0.010480232409375614
419,-0.015868975302356824
420,0.006571431700901581
421,0.007477486070573598
422,-0.024589387410622457
423,-0.014165075454947926
424,0.002143893878730954
425,-0.002901661027898071
426,-0.005701630903663602
427,-0.018725697863043997
428,-0.005190818255286494
429,0.008293199233767997
430,0.0209382653293137
431,0.0017893621728446727
432,0.00527114723538925
433,0.0
434,0.009865830881698524
435,0.00322580924888279
436,-0.0012394647099935215
437,0.008398221522815542
438,0.011372791487108663
439,-0.0019474202843955666
440,-0.0010970928143730994
441,0.0012006449575380851
442,-0.0011603969566690222
443,0.0015513618959919343
444,0.0007230649503163784
445,0.004371060869172098
446,0.010485181929084538
447,-0.005650751435285217
448,-0.006410666042943031
449,-0.0006069066157034578
450,0.01398624197473987
451,0.013574828732034154
452,-0.006416602031863662
453,0.004980444304144752
454,-0.004148645789071339
455,-0.004881833830683778
456,0.0
457,-0.007177763553811235
458,-0.0007312051741056433
459,-0.0071234831863791325
460,0.021431129766487256
461,0.0
462,0.029013628295224414
463,-0.0023068060979150595
464,0.007363125765038953
465,-0.003789840884059586
466,-0.0007055762104933832
467,0.00483923693634456
468,0.0022891162565437237
469,-0.0014873293743485505
470,0.0005723115820380555
471,0.004338896964573334
472,-0.0029666840562863773
473,0.009213509981045228
474,0.0028266172927065114
475,0.0
476,0.00719994110420055
477,-0.002356771193552154
478,0.003253129796985387
479,0.007253281813436234
480,0.0006668889877037743
481,0.0005554012916998831
482,-0.012065837365289043
483,0.006832846522477919
484,0.008780273134710434
485,-0.012134855280863631
486,0.008920665758379362
487,0.004209599658316816
488,-0.0033218943181761835
489,0.007073415875726699
490,-0.0011019284861566439
491,0.004400447144821671
492,0.00416256488866775
493,0.00251105541627225
494,0.00032706459817301206
495,0.0
496,0.008790549850480663
497,-0.018760512463823764
498,-0.009734566159140623
499,0.011935162120655268
500,-0.022328058929489178
501,0.003923991805592502
502,0.010463140869406867
503,0.0018806355451576235
504,0.004521152322814075
505,0.002637074377356273
506,0.011564606302467617
507,0.0025999364661833907
508,0.004749064511230586
509,0.009217642970477408
510,-0.0003201195140179314
511,-0.0020298067970210424
512,0.0037359279189160904
513,0.00996509889470453
514,-0.0005275652984403572
515,-0.005503241743870839
516,-0.004253967916706683
517,0.009229365890074243
518,-0.008803153843132057
519,0.0030846166031207895
520,-0.0022327370925468966
521,0.0031881004686458952
522,0.0006788146460357849
523,0.0012291783008220036
524,0.0
525,-0.013540374258837692
526,-0.006245309413015776
527,-0.01578607709508901
528,0.008522778861982615
529,-0.001960357848453842
530,0.008251051044604338
531,-0.0029235037876091338
532,0.01794685749189657
533,0.0013836413255283284
534,-0.004049882973274415
535,-0.03842649637576412
536,0.017164025726738273
537,-0.017541413541590906
538,-0.005521677652939316
539,0.01143250145481522
540,0.002865331473286427
541,0.015722564294804422
542,0.005186397363027932
543,0.0065524698697090366
544,-0.005367699415004144
545,0.007186173468028724
546,0.005648227303512467
547,-0.024528996858195665
548,0.01577667286904401
549,0.015741656688402546
550,0.006416684300236385
551,0.008145408443967795
552,0.0029078844875044226
553,-0.0034280405460463776
554,0.007567547647192922
555,-0.0007231778816131747
556,0.012733792928745285
557,0.002038736689848309
558,-0.0025490709698704575
559,0.011167628754010086
560,0.0016140425172511115
561,0.00020157226433921335
562,-0.014720330775650657
563,0.0012264923859653045
564,-0.00020431096199392481
565,0.0
566,0.012891616391334154
567,-0.00932218727902674
568,0.006696453595121294
569,-0.01108354424112789
570,0.009464274582586665
571,-0.010692021820908938
572,-0.012879473280156208
573,0.01052206943127669
574,0.007666789406850458
575,0.006091389393401913
576,-0.01088903040307769
577,-0.009974888608917919
578,0.01756902311514285
579,-0.007788566586084072
580,0.006518402564182688
581,0.011725596792002854
582,-0.012335849048532748
583,-0.02680849278736659
584,0.00297394109568986
585,-0.013268149648851446
586,0.009562411959947476
587,0.0046950892236897555
588,0.015390480926072406
589,-0.005756594844336745
590,0.016157422773848792
591,-0.005084929089330475
592,0.0020370754650771462
593,0.0
594,0.014044181326386514
595,0.004005212122999871
596,0.009250575738894751
597,0.0027684415546066084
598,0.011681114415760549
599,0.00204728319131317
600,0.00872690499280569
601,-0.00503291809566711
602,0.0038737216752907527
603,0.006647103131612078
604,0.0015350669808985931
605,0.0021068768567359375
606,-0.0006698885364631481
607,-0.008364388282753047
608,0.00912993855937637
609,-0.004025693158411204
610,-0.007035834527762914
611,0.0008701117192266737
612,0.0016897196672474005
613,0.013558717715607984
614,0.0008562051609966835
615,0.0034175085473786607
616,-0.010096285400906471
617,-0.007109262337689042
618,0.004137207036517477
619,-0.0010567271265302556
620,0.005272504185725921
621,-0.0013394567636020645
622,-0.00393304742212391
623,-0.01872477701300421
624,-0.004220036686247896
625,-0.010201345832368933
626,0.014323444121790162
627,-0.0060909904395387016
628,0.013993085116919156
629,0.002523293264284298
630,9.69227042194074e-05
631,-0.023733584332094444
632,0.0019829473084933768
633,0.009954253583231461
634,-0.015715668149346763
635,0.0
636,0.0067514156369749495
637,0.008768097156701682
638,0.0015681665469824229
639,0.002738388019278701
640,0.015024757993570342
641,0.009765515615483094
642,0.000476258522123099
643,-0.007359650901312445
644,0.005453254365496262
645,0.0021920428124547146
646,0.00985229644301164
647,0.009476075975231249
648,-0.0010277013096795821
649,-0.0036522024020586696
650,9.381303069859052e-05
651,0.0006564449056473485
652,-0.0018767013108766492
653,0.005526169638720568
654,-0.0044935480965990204
655,0.0002814390937475281
656,0.011564056872781626
657,-0.004088085225209696
658,-0.01029393330944176
659,0.00665637858264469
660,-0.011748807543197102
661,-0.01634731983458704
662,-0.003996249811465118
663,0.023835621705839784
664,0.014404888496668796
665,0.0050023263181715166
666,-0.009843147538181206
667,0.012334958157951366
668,0.00871845103988103
669,0.011357047523292372
670,-0.0019895105133488104
671,0.00262170741857745
672,-0.003346148272500866
673,0.005339465459445864
674,0.0008916469488926047
675,-0.00045022737242444066
676,0.0028779586372022154
677,-0.013744677903122027
678,-0.005844231774279696
679,-0.004359704938952753
680,0.011477822235821005
681,-0.003461471847542183
682,-0.004297935380148833
683,-0.01700595512172887
684,0.018013511882028627
685,0.0013723070631747197
686,0.0008224811978394093
687,0.009545960938749877
688,-0.001041077382702854
689,0.003842073115048876
690,-0.007062687815090984
691,-0.006198178625336198
692,-0.00036579790074110026
693,0.017858426835105794
694,0.004929429654639388
695,0.0012508936584634874
696,0.007384046717227917
697,0.005568582914020852
698,0.0
699,0.0005287275413974121
700,-0.010093940847437012
701,-0.004817136879714037
702,-0.002686248033651424
703,0.000717038661177955
704,0.007764776394731233
705,-0.000266749657030089
706,-0.009112087346362069
707,-0.01655921654504746
708,0.0021873869458004583
709,0.003272135259098539
710,0.011817376258456306
711,-0.0014358792738939571
712,0.01364691384118189
713,-0.007469357152650711
714,0.016728274318116663
715,0.007433027970192137
716,0.0038260916240205945
717,0.0
718,8.678672168613313e-05
719,-0.0006076652819480872
720,-0.0006080347635753724
721,0.0023432425562392345
722,0.0
723,-0.010894778090050664
724,0.005069940929842783
725,-0.008141870321500294
726,0.008316238238245373
727,0.0013067911429741385
728,0.00026115342912290835
729,0.005468526279242606
730,-0.013771681092266525
731,0.012212294135017121
732,0.0074285562305441985
733,0.00120409406480451
734,-0.0035303778003053093
735,0.0
736,0.005934225111699862
737,0.005046411941078881
738,-0.006762855891499339
739,-0.025842130617738657
740,-0.01474009994361629
741,0.010500185456602926
742,-0.014533713983475674
743,0.014808085475343829
744,-0.007470244944425703
745,-0.031794716583841226
746,0.007518832414027319
747,-0.007518832414027228
748,0.007884162585229212
749,0.011259539637577125
750,0.0026150878332494285
751,0.008876195812137557
752,0.003919826845298438
753,0.012634351037206108
754,0.0014037552752563266
755,0.0
756,0.010379056148365111
757,-0.010291386836951475
758,0.010725132235206923
759,0.0031174254550587416
760,0.0073222535017776254
761,0.0010294244711085605
762,0.006154391594074033
763,0.005438952814795305
764,-0.003991343246206004
765,-0.0053752102459429345
766,0.024840750074746218
767,-0.0005843315830523112
768,-0.00016701461416704992
769,-0.0003341129332784648
770,-0.0033472834600570345
771,-0.010448359291327028
772,0.003044657291086848
773,-0.011636433166710274
774,0.004177507247584733
775,0.004414268628038846
776,0.014463757023773048
777,-0.006533233724786924
778,0.0013436347335521
779,-0.00462632780389715
780,-0.011447108505115381
781,-0.0028182263838418893
782,-0.019342628775796095
783,-0.0025317574307334692
784,-0.0009620010361909521
785,0.017777860573108935
786,0.013065383755862647
787,0.00448640021142715
788,-0.01018684530699313
789,-0.02339439420719138
790,-0.014693854623890902
791,0.006977902269983073
792,0.014332151294944846
793,-0.0289709490307368
794,-0.013932023394975407
795,0.0028037824183138136
796,0.0038761485408461333
797,0.010827361825837238
798,0.004971601149245765
799,0.0
800,0.004682607840562103
801,0.01026009789774079
802,-0.00630143867045489
803,-0.0025493398713233683
804,-0.01776087891418962
805,-0.005840875661047401
806,0.002520253359187863
807,0.00663025455498317
808,-0.00035727045753372366
809,0.0008036791074183603
810,-0.00125044675100219
811,-0.0163997187843295
812,0.0006266774042674384
813,-0.010120130721277366
814,0.009129982163530998
815,0.022466796880084274
816,-0.009823261702943092
817,-0.016376751440992238
818,-0.006773481274759794
819,0.006317256074091298
820,0.010711794507943267
821,-0.01537721942732944
822,0.005121650120054924
823,0.010345858684790776
824,0.010865279969344416
825,0.0
826,0.014276456177180891
827,-0.005208115228131588
828,0.0033574868083524165
829,-0.004508693488513299
830,-0.005419585918630388
831,-0.0024082427016164656
832,0.003921573653181644
833,0.020775395106287578
834,0.009537920220933142
835,0.00876369557687319
836,-0.0019694316422571388
837,-0.004897548131919901
838,-0.0061341934972694336
839,0.0017317520995996781
840,0.004833011910242282
841,0.007035032446197499
842,0.006731163317950409
843,0.0008488244292011305
844,0.003303547962275066
845,-0.0019469257430196946
846,-0.010733555643108664
847,0.008443186910613042
848,-0.0016999579104486125
849,0.0066980622624696244
850,0.00396374122164801
851,0.010132817091170795
852,-0.00769491920011236
853,0.006027140294524528
854,0.0
855,-0.01725704680232168
856,-0.01221663137084163
857,0.0012884939290701838
858,-0.010701750534927718
859,-0.0013023661489210054
860,0.00511288431296068
861,-0.009902791141293006
862,-0.0027099103082302367
863,-0.015526070528919427
864,0.015438531683501032
865,-0.004035093194230607
866,0.00840267525942661
867,0.0011759839330824776
868,-0.001960742224217843
869,-0.009113277232865492
870,-0.005030236084411127
871,0.0027388805388333646
872,0.003962493627444043
873,-0.023115094015617264
874,-0.004596395434574741
875,0.008815384963489244
876,-0.002510761720691826
877,0.003146418505349263
878,-0.004853746951713943
879,0.009666234755530256
880,0.009485466270785134
881,-0.006905737935339541
882,0.0077876499776837645
883,0.0014974677979957096
884,-0.0019383265980646544
885,0.014446689988988152
886,0.003471020492878741
887,-0.004253663256424838
888,0.002172497052600291
889,8.680178817118329e-05
890,0.004676142916381337
891,0.009030377427783171
892,-0.0024859641622768805
893,-0.005163078331196155
894,0.0055921339862957985
895,0.0
896,0.005475715255962763
897,-0.00633401073393848
898,-0.0038714721216583487
899,0.0031843049412083406
900,0.0015454626584256615
901,-0.011910039808423081
902,0.005886443589951757
903,0.006452467863763458
904,-0.010690678593043077
905,-0.010981459492610002
906,0.0028003868830351495
907,0.002618259481428131
908,0.006082743815769329
909,-0.012729029759177012
910,-0.01413825794783285
911,-0.009388061262121014
912,0.006268490123996201
913,-0.01701594060483368
914,0.008949212269235774
915,-0.0008102633799140178
916,-0.015246687943397562
917,-0.014276088647879989
918,0.009509373233073494
919,0.007506443155926985
920,-0.008609688647988278
921,-0.01660289494519064
922,0.01899172371807655
923,-0.02735054205108788
924,-0.012240984086365307
925,-0.004017990672998853
926,0.011626929799179174
927,0.009993483754222165
928,0.011194146743152708
929,-0.0029728747276062885
930,0.011654927970483944
931,0.01632726560508953
932,-0.014397915932235147
933,0.017559474050964138
934,0.0017120977374355012
935,-0.0005403458344727748
936,0.028068278343679906
937,-0.002367695235099277
938,0.008480183704176391
939,0.014605107729636578
940,-0.001717328259948525
941,-0.004651571829357158
942,0.0018115165618103396
943,0.004299972225717823
944,0.0015434748390902985
945,0.004957275109151487
946,0.0006818375786189014
947,0.004505469431292727
948,-0.008517939065302479
949,-0.0017980226600068368
950,-0.008347365710081569
951,0.005773140845950612
952,-0.010710994687190698
953,0.011140492610728232
954,0.0012016137399812853
955,0.011852622236347338
956,0.0007626149587923198
957,0.003297960792251153
958,0.0
959,-0.014970084786778536
960,-0.01571979166070309
961,0.011941990310152927
962,0.009588293644566792
963,-0.004782654944427826
964,0.007505365721966175
965,-0.012569102242611329
966,0.016639319003964724
967,-0.021469412920852006
968,0.003969286426357105
969,-0.012216934863252914
970,-0.01016393574160881
971,-0.0014100645678190118
972,0.030400117635930462
973,0.014776084053332927
974,0.002273398023724292
975,0.00678934756654219
976,0.0012522437667607503
977,-0.0008346549186662128
978,0.0
979,0.006491907943525164
980,0.0042220353291694615
981,-0.005882613591861739
982,-0.006001018175794738
983,0.0
984,-0.005784966877257011
985,-0.013459381241440166
986,-0.01745154971468893
987,0.012239421881546952
988,0.016819968400870525
989,-0.009649643185792806
990,-0.003322686763007088
991,0.0007677543563304702
992,-0.004015898078846399
993,-0.017010296606028777
994,0.016153765504412294
995,0.0
996,-0.004207640057728075
997,-0.0031889705973760555
998,0.02016817633459149
999,-0.0006770480962759133
1000,0.009604926819237847
1001,-0.004790931626546115
1002,-0.016994206250397853
1003,0.013702925166325111
1004,-0.022223136784710124
1005,0.009119911786283071
1006,0.017741647820288847
1007,-0.003709015463337471
1008,0.012838439397498281
1009,-0.0010844630885559524
1010,-0.007960824713293155
1011,0.006373721677896379
1012,-0.0014221778445924094
1013,0.011321189759654033
1014,0.0059420823512364345
1015,0.0
1016,0.003121921694345985
1017,0.0010657922714140747
1018,8.193699050014318e-05
1019,0.0027001611954252727
1020,0.0009800719503871447
1021,0.001305270213056054
1022,0.0011407155152043972
1023,0.003657797209757457
1024,-0.005450934865213762
1025,0.007234333522066516
1026,-0.0059299146187014136
1027,-0.0031007776782481593
1028,0.0029378183362434194
1029,-0.012710819375514897
1030,0.004364481750050252
1031,-0.011570377012848335
1032,0.0061324464994672945
1033,0.016469707356964375
1034,-0.0035821905927692433
1035,0.005855103333601003
1036,0.002672174552525851
1037,0.007973945839144335
1038,0.0019235399054267513
1039,0.008769188847544636
1040,-0.0008734665263322597
1041,-0.00023835061488123354
1042,-0.027224619548128916
1043,-0.0012255404123892107
1044,0.006356471569600965
1045,0.013475009232522229
1046,-0.003211048757280287
1047,0.00040194542122397363
1048,0.001846870882693111
1049,0.0
1050,0.0044026486964313
1051,-0.006410278360919054
1052,0.008564505866529164
1053,-0.00359296166794205
1054,0.004787752522568552
1055,0.0006366385699670287
1056,-0.00023869196914853694
1057,0.006978063364079801
1058,-0.0005532940899164163
1059,-0.01634088411367676
1060,0.009756955202061348
1061,-0.0010351555648240739
1062,0.001512558501962528
1063,0.004523996763051284
1064,-0.003331485591003357
1065,-0.01110545508590128
1066,0.0055281957877952375
1067,-0.010925558550185602
1068,-0.02139031673365266
1069,0.006498069338303911
1070,0.003600953232274141
1071,-0.012825958937929125
1072,0.0034693575192083275
1073,0.0037860127528045666
1074,0.0074477571420537075
1075,0.0005706134248976597
1076,-0.0017944539888623508
1077,-4.0820491892524426e-05
1078,0.010598008036017435
1079,-0.0011315875762937411
1080,0.011258663356202714
1081,-0.0013603811164514291
1082,0.0018400741221320004
1083,-0.0011196418316163595
1084,-0.004330399710152356
1085,0.0
1086,-0.009609635059072823
1087,0.012178060903161
1088,-0.0008821525091899627
1089,-0.0060355069947907024
1090,0.0031430093971992214
1091,0.0019292610485607791
1092,0.009908983107489026
1093,-0.010069612776134175
1094,0.007202912294058016
1095,-0.0046359286929234566
1096,-0.0030490274764606354
1097,0.012378866693102165
1098,0.0025366640633456617
1099,-0.0030130057681288214
1100,-0.003181423187638089
1101,0.007064923214035716
1102,-0.0015040572793823786
1103,0.013299428760928475
1104,-0.00046915318711808864
1105,0.0068589512858891945
1106,0.002095054112575332
1107,-0.008484852211346303
1108,-0.0005473667885031718
1109,-0.0027413371387147167
1110,-0.02557928007363415
1111,0.004656025108751473
1112,0.0029589369423431633
1113,-0.011646250264725717
1114,0.0
1115,-0.00032320620837273767
1116,0.001130765002159257
1117,-0.015374280944355816
1118,0.0036003639251779877
1119,0.013789965442032254
1120,0.011215370302260668
1121,0.005560865934653278
1122,-0.005321907791017462
1123,0.00595547081213112
1124,-0.00436387410498747
1125,-0.005421796091255976
1126,-0.004728141195946012
1127,0.003688265887266818
1128,-0.011105860164862445
1129,-0.016235314795522558
1130,-0.008341985191357072
1131,0.008506472402847154
1132,0.002792150947603356
1133,0.0028661527216084595
1134,0.005463826029061872
1135,-0.004973309341659717
1136,-0.002373062772331729
1137,0.0022913266980699705
1138,-0.013578779184612273
1139,-0.006734032181344068
1140,0.01144575819512231
1141,-0.008613603032568702
1142,-0.0019149916347185319
1143,-0.0033391799955813537
1144,0.006418025781128349
1145,0.0104963978685006
1146,-0.00800697661772939
1147,-0.010413723467322458
1148,-0.02561632859140823
1149,-0.011753657045966098
1150,-0.039815517502802
1151,-0.007719240981874259
1152,0.02511722263911207
1153,0.01771205487336618
1154,0.009821468718609085
1155,-0.0036392033925391667
1156,-0.02906413294391124
1157,0.01780304759394109
1158,-0.0015814447154674563
1159,-0.007590504228818173
1160,0.0
1161,0.02260082183296948
1162,-0.011587009455205114
1163,0.004546257174617061
1164,0.004699338558609868
1165,-0.004612112774612902
1166,0.011188806607673216
1167,0.00858816683593756
1168,0.0034147207501893672
1169,-0.013902223389779523
1170,-0.001816373807345368
1171,-0.015266140245658222
1172,-0.0029932234690488633
1173,-0.0016765942599337254
1174,-0.016114303733278743
1175,-0.028401690585724573
1176,-0.0071352756045099976
1177,0.015411184908369742
1178,-0.0017414421705374953
1179,0.014751678906552197
1180,0.023583049165802637
1181,-0.006910020407887716
1182,0.017535806443461047
1183,0.008956971052393526
1184,0.0019891898451037658
1185,-0.0014698891583427916
1186,-0.013765681738662773
1187,-0.0098740112811522
1188,0.023639693019814827
1189,-0.0012987577045295347
1190,0.0019042678653249825
1191,-0.0013845623534109496
1192,-0.015358068011935408
1193,0.008755090068511304
1194,0.009801874027075027
1195,-0.006842519443237728
1196,-0.011011209742916936
1197,0.028756528520770916
1198,-0.010730177204030519
1199,-0.004584584821704406
1200,0.020594515412848704
1201,0.005167532359877658
1202,-0.0005070994023473252
1203,0.0007605527049333074
1204,0.007070736529201505
1205,-0.011812489698239245
1206,0.0029662295573831044
1207,-0.008754464989287959
1208,-0.019307615806926203
1209,-0.007249889814903577
1210,0.008554521441568475
1211,-0.003831755972767077
1212,0.016785304973158287
1213,-0.004213066719303912
1214,0.00644138440514255
1215,0.004953041722826061
1216,0.007299302481611535
1217,0.007750017730672427
1218,0.0
1219,0.003769006513696265
1220,-0.004356575255156672
1221,0.0066111793583078955
1222,-0.010818169155937205
1223,-0.01700721264723311
1224,0.010069203600032682
1225,-0.01514208322910926
1226,-0.0055320393481171175
1227,-0.01124439827321251
1228,0.00332546031497039
1229,-0.022530440151020337
1230,-0.0071742752340184
1231,0.014297446658069942
1232,0.015145134075636349
1233,-0.01071878123960544
1234,-0.015399298476270447
1235,0.007506737663753351
1236,0.009128436676037016
1237,0.012536875726678528
1238,-0.002442429685922208
1239,0.0
1240,-0.0046395671266504755
1241,0.01073449239414693
1242,-0.01012048421731964
1243,-0.012529944217998796
1244,0.0
1245,-0.023448049075128107
1246,0.0021792435756110584
1247,-0.01535538808319465
1248,-0.027074095790821272
1249,-0.017373480130818176
1250,-0.004342588247792482
1251,0.0029935805273140627
1252,-0.032635558374855295
1253,0.013752380977052486
1254,-0.01634589864026664
1255,0.0
1256,-0.013575551643537638
1257,0.004142466140952075
1258,-0.002321709012413121
1259,0.024162517345733627
1260,-0.02249639725213414
1261,0.01982933388425147
1262,-0.013844153185724205
1263,-0.00020060180608893005
1264,0.03227519225325864
1265,-0.004575330444399691
1266,-0.02179895955337892
1267,0.0012955306012522136
1268,0.0038765517459232947
1269,-0.027762796977356317
1270,-0.016558202137618796
1271,-0.0067634616078297745
1272,0.0005218934412075558
1273,-0.010920309635165179
1274,0.018819737470698886
1275,0.0
1276,0.02343177751817592
1277,0.015553973695867055
1278,-0.00479090645883857
1279,0.00499003031453444
1280,0.011088124690466184
1281,-0.009198422999279343
1282,0.009592162545659609
1283,0.009111010857764551
1284,0.006318982772068264
1285,-0.0044677618994506075
1286,0.021284571030393256
1287,0.010246543018710856
1288,0.010407748997190132
1289,0.005492217668931482
1290,0.010795583523775649
1291,-0.024441930444376488
1292,0.005069005503297231
1293,-0.008179427917689601
1294,0.021210261491984968
1295,-0.0025985482008893178
1296,-0.015689526171376828
1297,0.007034686422391559
1298,0.015212240295144251
1299,0.00898099878197257
1300,-0.002374864104855178
1301,-0.0011895503987692005
1302,-0.021657486935672057
1303,0.002989538848365986
1304,0.0
1305,0.0012119518567314603
1306,0.027386383487857373
1307,9.064950375603616e-05
1308,0.0028060665617732324
1309,0.004419398399268897
1310,-0.008404549946402783
1311,-0.011408876544157268
1312,0.011227355396445234
1313,-0.013616842793826526
1314,0.003948763108860241
1315,-0.0031209865612485065
1316,0.0106992013267554
1317,0.02132814254243048
1318,-0.0012473273178126429
1319,0.0024931007481926843
1320,0.007530489628635925
1321,0.0007940359497877345
1322,0.0014981276210219918
1323,-0.005032012383615629
1324,0.009863576225433409
1325,-0.0071237274126276715
1326,0.009749319678891826
1327,0.003490100392868056
1328,-0.011475751184263281
1329,-0.009027408859102522
1330,0.008851181878295903
1331,-0.016526364580363082
1332,-0.00827640564569638
1333,-0.003982626553053629
1334,0.005877848455112548
1335,0.0028810679872876685
1336,0.010018869027400148
1337,-0.01244922262476199
1338,-0.005324169901581596
1339,-0.006643334670409434
1340,0.012598163631589363
1341,-0.01597855148352032
1342,0.005202877877061597
1343,-0.008089808510830894
1344,0.016701564583696888
1345,-0.001174080062617944
1346,0.020394266774726867
1347,0.005826802042360287
1348,-0.0011450214841528922
1349,0.009909319477741136
1350,0.0
1351,0.0034843240826108427
1352,0.006759710287608492
1353,0.007657598184906979
1354,-0.006017899867153758
1355,0.01072097407967134
1356,0.0028963305024334034
1357,0.0073732271826870855
1358,-0.006437972257566182
1359,-0.01369063909530628
1360,-0.010914869274810644
1361,-0.0028784528575250667
1362,0.0006985679641400653
1363,-8.729431283098526e-05
1364,-0.004286783171111703
1365,0.010812801546620591
1366,-0.0019098885916662073
1367,-0.003917988556428968
1368,0.018924738485245077
1369,-0.03723672125942201
1370,-0.034897773777645656
1371,0.015338564209697142
1372,0.022486949759765888
1373,0.018432892650586428
1374,0.0035594950114314827
1375,0.0
1376,-0.014842249065561157
1377,0.0017576241452444763
1378,0.0021050792792489674
1379,0.023039300724965402
1380,0.011492911588615103
1381,0.013285321105408981
1382,-0.003933553216047577
1383,0.0010057833384964072
1384,0.0027606994569805087
1385,0.0016694494695412073
1386,-0.0050167329295982025
1387,0.006516858221336068
1388,-0.0047581374464168115
1389,0.0074194829959311264
1390,-0.0014961352637046922
1391,0.004812887889698542
1392,0.0028106160520866086
1393,-0.002562302513584299
1394,0.0019842916804319695
1395,0.000825627523782389
1396,-0.014045524895522113
1397,0.008085735712971422
1398,0.0009128252573596817
1399,0.014329488374886568
1400,-0.0004907172749162951
1401,0.0010629165793664636
1402,-0.007223872056714009
1403,0.00476928074084532
1404,0.0009825596467226568
1405,0.009853901142856645
1406,-0.008136741393061713
1407,-0.002945510229756803
1408,0.007347571630394322
1409,0.0
1410,0.002274944107561272
1411,0.006955143281858845
1412,-0.008173219684038158
1413,0.0019482106981937922
1414,-0.00202946857009485
1415,0.005187238086097933
1416,0.0018576106783407414
1417,-0.005664362126751157
1418,0.0007300750679177094
1419,0.009603430946371585
1420,0.0
1421,0.0009568948531217379
1422,0.0062454410185154895
1423,-0.001995451035276996
1424,-0.03173838898308884
1425,0.013841901661270832
1426,-0.019382998417603863
1427,0.0001658512318256273
1428,0.011869575555383947
1429,-0.0014760150281206525
1430,0.006624978224312222
1431,-0.0042480253409111135
1432,0.014386398404863776
1433,0.014261919487588532
1434,-0.007105534665839396
1435,-0.012740052980330551
1436,0.004049244275852586
1437,0.007648682673251971
1438,-0.01470495916335506
1439,0.010928185820320938
1440,-0.0031447834650163414
1441,-0.004938681454509207
1442,0.005988041844622693
1443,-0.0010493603901135585
1444,-0.008027612540083079
1445,0.011896712965662528
1446,-0.01843108237291726
1447,-0.0008198065715747447
1448,-0.008317939660916167
1449,-0.0040604986388687175
1450,-0.0011631772664072902
1451,0.005719748672786909
1452,0.0042067121878824835
1453,-0.002967605837939978
1454,-0.0004954583090619014
1455,0.006339817867257605
1456,-0.007496842789722275
1457,-0.009972658068431907
1458,-0.011508380196743394
1459,-0.0027919980910312905
1460,0.003974131134208198
1461,-0.012311766638266133
1462,-0.012811318338885217
1463,-0.004857747234784409
1464,0.006414167782442671
1465,0.024157207324286386
1466,0.0026110774994699023
1467,0.030322926328059663
1468,0.01586820860725378
1469,0.02271200619131052
1470,0.013956797445776641
1471,0.0030923874662695285
1472,-7.719325334815981e-05
1473,0.005849770376028641
1474,0.005281500278758198
1475,0.004646034481659226
1476,0.00907721815111668
1477,0.006230549750635942
1478,0.0
1479,0.0032872648205002743
1480,-0.013063248828511682
1481,-0.0005291205384419347
1482,-0.00492667840028383
1483,-0.0048747145049209085
1484,-0.000534616425457224
1485,0.01704263934408709
1486,0.010756807985683061
1487,0.00968620091147371
1488,0.015624177072704555
1489,0.001954044406814036
1490,-0.010612107149928551
1491,7.307003766368679e-05
1492,-0.01257323280189515
1493,0.007445392102607287
1494,-0.0018377628578080784
1495,0.006527103221194202
1496,0.008443782880190133
1497,-0.006545001910962518
1498,-0.01277644224516993
1499,0.00530661622648703
1500,0.0
1501,0.004473952235082479
1502,-0.010297994647486207
1503,0.000886852471103978
1504,-0.0038487206119559476
1505,0.0
1506,0.004956181318005427
1507,0.016538979261305372
1508,-0.011607240584183788
1509,-0.0036780974230044635
1510,-0.006580673679654706
1511,0.009524233094019481
1512,0.0017619856258122304
1513,-0.0077317126077135435
1514,0.007218120755197216
1515,0.0
1516,-0.013669995262465158
1517,0.003268219502682099
1518,-0.008190663809622993
1519,0.0051456170807888685
1520,-0.00417412651377902
1521,0.015196171004030746
1522,0.00937255158592725
1523,-0.004016509580451631
1524,-0.0034451197717661913
1525,-0.014049328987782158
1526,0.006975391892184577
1527,-0.0005917597628116912
1528,-0.002518893019483915
1529,0.01516519052020234
1530,-0.007553847660137779
1531,-0.004426744723351863
1532,-0.001776199401255893
1533,0.013975953855973808
1534,0.007568075708741845
1535,0.0026064306675674994
1536,0.003320583430836258
1537,0.005963732423117999
1538,-0.00279780662434764
1539,-0.0006467608288399328
1540,0.0
1541,0.007804987529010354
1542,-0.004432061011483972
1543,-0.005964160962461723
1544,-0.0007209805647568401
1545,0.009689650547517121
1546,-0.015548830389630147
1547,0.018116958495340174
1548,-0.011536798088470574
1549,-0.0007209805647568401
1550,-0.0068753663271779565
1551,-0.00655740054615894
1552,-0.006600684031352136
1553,-0.00398142529918481
1554,0.004422828970002046
1555,0.002350867964850531
1556,-0.00478100281814238
1557,0.015364656954616798
1558,0.0013060515570060438
1559,0.003980176763633133
1560,-0.005132315821042954
1561,-0.02783326513994198
1562,0.00022390566201682858
1563,0.005804019567159468
1564,-0.002153972682613045
1565,0.0018571486970559074
1566,0.007762579178189346
1567,0.0032350590672660605
1568,0.007532303702519055
1569,0.0016015145011445762
1570,-0.010603002336294468
1571,-0.0011769034091063714
1572,-0.011399087161310327
1573,0.009262412927897671
1574,-0.0004426410990753628
1575,0.0022112487819009176
1576,0.00792025260875798
1577,-0.01367970144675628
1578,-0.00982296929574912
1579,0.0
1580,0.011672561063371044
1581,0.00022172129723883836
1582,0.003467230798195638
1583,0.012659786363890509
1584,-0.0022567621415100466
1585,0.012385628942789233
1586,0.009670908855706876
1587,0.0051198291456896194
1588,-0.00028374831714835777
1589,-0.01349972288924973
1590,0.005736427604849141
1591,-0.005089434303821048
1592,-0.006199558495332843
1593,-0.0013748690613205078
1594,0.006423927681420285
1595,-0.0041816931880561846
1596,-0.00043358867567571037
1597,0.006196878167540997
1598,-0.006992279344730337
1599,-0.005294663320892211
1600,0.007751134464382057
1601,0.0003607373510494387
1602,-0.02734888206869645
1603,0.0036260075988732523
1604,0.004789810564877042
1605,0.006740446063748347
1606,0.0032804840791619007
1607,0.0006548074008933558
1608,0.000654378908725689
1609,-0.00029078220617820093
1610,0.0
1611,-0.007883252504412403
1612,-0.0010264683062721053
1613,0.01910909310750703
1614,0.006456263459455957
1615,-0.0062403817617874965
1616,-0.0009358241333727568
1617,0.0009358241333725948
1618,0.013578426301769489
1619,0.0051683360470169415
1620,-0.0016254994921595272
1621,0.005079734360246945
1622,-0.00592887112227881
1623,-0.0051100182167245906
1624,-0.002493500383607137
1625,0.0073911217005280085
1626,-0.010176937281262458
1627,-0.002506715726212066
1628,0.0037934411878956234
1629,0.006621833445619911
1630,0.0012057166608380064
1631,-0.00882819346062601
1632,0.015187290704014478
1633,-0.00593389703855569
1634,-0.0015599520996473265
1635,0.008338681630018217
1636,0.0
1637,-0.0035954778061753744
1638,-0.0174549368013843
1639,0.009655691368064922
1640,-0.004351399668385102
1641,0.002926796535505783
1642,0.007668858148260301
1643,0.0008484763289197621
1644,0.0016947959709528952
1645,0.002325664390850075
1646,-0.0026079309935285373
1647,0.009902113986269872
1648,0.0006985679641400653
1649,-0.004549439167864058
1650,0.0014020331774386146
1651,0.009065612994418005
1652,-0.005569105935688617
1653,-0.0063727937237238255
1654,-0.0026732340928293245
1655,-0.0031749418140158752
1656,0.0019061744625914665
1657,-0.010992628688312182
1658,-0.005004299834443967
1659,0.004861666828924999
1660,0.0016390525671911523
1661,-0.003137928690927188
1662,-0.0086804232415559
1663,-0.018323787606018854
1664,0.0014665984882929702
1665,0.01505428234443651
1666,-0.008262712806209974
1667,0.0002910784476961506
1668,-0.018431332793249256
1669,-7.411524924656656e-05
1670,-0.0006672845474660752
1671,0.010770242793438157
1672,-0.0016155092366545647
1673,0.0030818926653370625
1674,0.002853277715833771
1675,0.004228336109521105
1676,0.00021822149568330413
1677,0.006380069492150582
1678,0.009780732411063498
1679,0.005637838305269959
1680,0.0
1681,-0.009653619965864453
1682,0.002081614361102732
1683,-0.0025128347213854603
1684,0.0007904286690412177
1685,0.010432391865261358
1686,0.0060945550418567895
1687,0.00296296513065727
1688,-0.0009161704717795296
1689,0.004081063924819968
1690,0.006788227193389879
1691,0.0
1692,0.0032031222985840894
1693,-0.0010433694821948862
1694,0.004236264538710035
1695,0.0013850417726614787
1696,0.0007609560742140196
1697,0.019380849734866836
1698,0.002641651551430776
1699,0.0023647860755122126
1700,0.012207543107744958
1701,0.0021975835434872013
1702,-0.0031980838770708816
1703,0.0027323331783423374
1704,-0.001398555054638247
1705,-0.0041405161330743965
1706,0.002873469182862981
1707,-0.000734287940606011
1708,-0.0007348275156134053
1709,-0.0018059601577442008
1710,-0.0008707009692439209
1711,-0.002885423910998266
1712,0.004759838705348594
1713,-0.0015394400818087718
1714,0.004611228807744585
1715,-0.007495684941478553
1716,0.002080328234074202
1717,-0.004838393956070231
1718,0.0020860678471006015
1719,0.006900044123758318
1720,-0.010604126211803911
1721,0.0070595647344176265
1722,-0.006654815673306569
1723,0.0029631646706575697
1724,-0.000672675930114123
1725,0.0011432799927171935
1726,-0.012036117984459053
1727,0.0013596195160394302
1728,-0.0035388630916505107
1729,-0.0007502131639160408
1730,0.000272869910964104
1731,-0.0027320555208265518
1732,-0.003974785934857689
1733,0.014587852421053624
1734,0.004591190294226096
1735,0.0072488403859835284
1736,0.01037864415599719
1737,-0.0013245912261897262
1738,0.0
1739,0.00039756162728781994
1740,-0.0030520193542203974
1741,0.015625833016110792
1742,0.003330832847950285
1743,0.0018239859138052899
1744,-0.004108656772787784
1745,-0.0037319583694421722
1746,-0.01002052026292678
1747,-0.00471526691347122
1748,0.006965433316242335
1749,0.000925069446172812
1750,-0.000396353552553018
1751,-0.003110216582580259
1752,0.005947285090619333
1753,-0.0111303653363505
1754,0.014156484348477983
1755,0.013440536381221032
1756,-0.007938098811613614
1757,0.0019578417792116393
1758,0.0005866058502903577
1759,-0.001826127162398781
1760,0.0
1761,0.0005873331979457347
1762,-0.000979080395434112
1763,0.003910583097391602
1764,-0.008295550364380231
1765,0.0
1766,0.009400774284705888
1767,0.0010390960799862455
1768,0.0026577658013398715
1769,0.002069456859626509
1770,0.0015492869924847324
1771,-0.0013554948017034827
1772,0.0001291739328800315
1773,0.017033132556240456
1774,0.004181720596673605
1775,0.0
1776,-0.012854138170216706
1777,0.009434032233358714
1778,-0.006875504548811534
1779,0.013073740824055628
1780,0.005345084255319001
1781,0.003193390522551192
1782,-0.006208278805837214
1783,0.0003773584950441157
1784,0.0035778213478839024
1785,-0.005655057483344988
1786,-0.009623982094334448
1787,-0.005230604513274714
1788,0.0031288937119329794
1789,-0.019441838069027332
1790,-0.03917650948879052
1791,0.011894901848275125
1792,0.0010015692086886316
1793,-0.02980442770666439
1794,0.00910310519393883
1795,0.009426035274761818
1796,0.0021574981400210927
1797,0.017822452187576707
1798,0.010857155506953183
1799,0.0035278013983282134
1800,0.0
1801,-0.008250979950574612
1802,0.0010515248077201979
1803,-0.0015777021416176974
1804,0.012942203003627093
1805,0.006537874859056089
1806,-0.014492536351644044
1807,-0.015902152922777326
1808,-0.002664004239520031
1809,0.01587860023670004
1810,0.008887204805122796
1811,0.010741658867068887
1812,0.00877901252080868
1813,-0.0020436844512532787
1814,0.01585623377293279
1815,0.001760342463884555
1816,-0.004659077873186662
1817,-0.004744292037629471
1818,-0.0050217821581146575
1819,0.005592287070422312
1820,-0.009679138224904085
1821,-0.00025598361844631916
1822,0.005807476675153069
1823,-0.024477872683316162
1824,-0.021754318673884363
1825,0.0216238895619218
